<?xml version="1.0" encoding="UTF-8"?>
<metadata xml:lang="en"><Esri><CreaDate>20220201</CreaDate><CreaTime>13265500</CreaTime><ArcGISFormat>1.0</ArcGISFormat><SyncOnce>FALSE</SyncOnce><DataProperties><itemProps><itemName Sync="TRUE">gisstdb.STWGIS.CatchmentArea</itemName><imsContentType Sync="TRUE">002</imsContentType><itemLocation><linkage Sync="TRUE">Server=ST1C5213b; Service=sde:Sqlserver:ST1C5213b\ST1C5213b; Database=gisstdb; User=stwgis; Version=sde.DEFAULT</linkage><protocol Sync="TRUE">ArcSDE Connection</protocol></itemLocation></itemProps><coordRef><type Sync="TRUE">Projected</type><geogcsn Sync="TRUE">GCS_OSGB_1936</geogcsn><csUnits Sync="TRUE">Linear Unit: Meter (1.000000)</csUnits><projcsn Sync="TRUE">British_National_Grid</projcsn><peXml Sync="TRUE">&lt;ProjectedCoordinateSystem xsi:type='typens:ProjectedCoordinateSystem' xmlns:xsi='http://www.w3.org/2001/XMLSchema-instance' xmlns:xs='http://www.w3.org/2001/XMLSchema' xmlns:typens='http://www.esri.com/schemas/ArcGIS/10.0'&gt;&lt;WKT&gt;PROJCS[&amp;quot;British_National_Grid&amp;quot;,GEOGCS[&amp;quot;GCS_OSGB_1936&amp;quot;,DATUM[&amp;quot;D_OSGB_1936&amp;quot;,SPHEROID[&amp;quot;Airy_1830&amp;quot;,6377563.396,299.3249646]],PRIMEM[&amp;quot;Greenwich&amp;quot;,0.0],UNIT[&amp;quot;Degree&amp;quot;,0.0174532925199433]],PROJECTION[&amp;quot;Transverse_Mercator&amp;quot;],PARAMETER[&amp;quot;False_Easting&amp;quot;,400000.0],PARAMETER[&amp;quot;False_Northing&amp;quot;,-100000.0],PARAMETER[&amp;quot;Central_Meridian&amp;quot;,-2.0],PARAMETER[&amp;quot;Scale_Factor&amp;quot;,0.9996012717],PARAMETER[&amp;quot;Latitude_Of_Origin&amp;quot;,49.0],UNIT[&amp;quot;Meter&amp;quot;,1.0],AUTHORITY[&amp;quot;EPSG&amp;quot;,27700]]&lt;/WKT&gt;&lt;XOrigin&gt;-5120900&lt;/XOrigin&gt;&lt;YOrigin&gt;1900&lt;/YOrigin&gt;&lt;XYScale&gt;10000&lt;/XYScale&gt;&lt;ZOrigin&gt;0&lt;/ZOrigin&gt;&lt;ZScale&gt;1&lt;/ZScale&gt;&lt;MOrigin&gt;0&lt;/MOrigin&gt;&lt;MScale&gt;1&lt;/MScale&gt;&lt;XYTolerance&gt;0.001&lt;/XYTolerance&gt;&lt;ZTolerance&gt;0.001&lt;/ZTolerance&gt;&lt;MTolerance&gt;0.001&lt;/MTolerance&gt;&lt;HighPrecision&gt;true&lt;/HighPrecision&gt;&lt;WKID&gt;27700&lt;/WKID&gt;&lt;/ProjectedCoordinateSystem&gt;</peXml></coordRef><lineage><Process ToolSource="c:\program files\arcgis\desktop10.0\ArcToolbox\Toolboxes\Conversion Tools.tbx\FeatureClassToFeatureClass" Date="20120615" Time="103242">FeatureClassToFeatureClass C:\DATAMIGRATION\Production\Data_ShapeFiles\CatchmentAreas.shp "Database Connections\A_STWGIS_GISSTdb@10.242.244.5.sde\GISSTdb.STWGIS.AdminBndFeatureDS" CatchmentArea # "OBJECTID "OBJECTID" true true false 9 Long 0 9 ,First,#,C:\DATAMIGRATION\Production\Data_ShapeFiles\CatchmentAreas.shp,OBJECTID,-1,-1;CATCHMENT_ID "Catchment ID" true true false 10 Text 0 0 ,First,#,C:\DATAMIGRATION\Production\Data_ShapeFiles\CatchmentAreas.shp,ID_CATCHME,-1,-1;SU_REFERENCE "SU Reference" true true false 10 Text 0 0 ,First,#,C:\DATAMIGRATION\Production\Data_ShapeFiles\CatchmentAreas.shp,SU_REF,-1,-1;CATCHMENT_NAME "Catchment Name" true true false 35 Text 0 0 ,First,#,C:\DATAMIGRATION\Production\Data_ShapeFiles\CatchmentAreas.shp,CATCHMENT_,-1,-1;CACI_2001 "CACI_2001" true true false 19 Long 0 0 ,First,#,C:\DATAMIGRATION\Production\Data_ShapeFiles\CatchmentAreas.shp,CACI_2001,-1,-1;CACI_20010 "CACI_20010" true true false 19 Long 0 0 ,First,#,C:\DATAMIGRATION\Production\Data_ShapeFiles\CatchmentAreas.shp,CACI_20010,-1,-1;CACI_2006 "CACI_2006" true true false 19 Long 0 0 ,First,#,C:\DATAMIGRATION\Production\Data_ShapeFiles\CatchmentAreas.shp,CACI_2006,-1,-1;CACI_2007 "CACI_2007" true true false 19 Long 0 0 ,First,#,C:\DATAMIGRATION\Production\Data_ShapeFiles\CatchmentAreas.shp,CACI_2007,-1,-1;CACI_2030 "CACI_2030" true true false 19 Long 0 0 ,First,#,C:\DATAMIGRATION\Production\Data_ShapeFiles\CatchmentAreas.shp,CACI_2030,-1,-1;PROPERTIES "Properties" true true false 19 Long 0 0 ,First,#,C:\DATAMIGRATION\Production\Data_ShapeFiles\CatchmentAreas.shp,PROPERTIES,-1,-1;STATUS "Status" true true false 35 Text 0 0 ,First,#,C:\DATAMIGRATION\Production\Data_ShapeFiles\CatchmentAreas.shp,STATUS,-1,-1;UPDATED "Updated" true true false 8 Date 0 0 ,First,#,C:\DATAMIGRATION\Production\Data_ShapeFiles\CatchmentAreas.shp,UPDATED,-1,-1;SUGRAN "Surgan" true true false 10 Text 0 0 ,First,#,C:\DATAMIGRATION\Production\Data_ShapeFiles\CatchmentAreas.shp,SUGRAN,-1,-1;COMMENT "Comment" true true false 500 Text 0 0 ,First,#,C:\DATAMIGRATION\Production\Data_ShapeFiles\CatchmentAreas.shp,COMMENTS,-1,-1;SAP_FLOC_ID "SAP FLOC ID" true true false 20 Text 0 0 ,First,#,C:\DATAMIGRATION\Production\Data_ShapeFiles\CatchmentAreas.shp,SAP_FLOC1_,-1,-1;SAP_FLOC_DESC "SAP FLOC Description" true true false 40 Text 0 0 ,First,#,C:\DATAMIGRATION\Production\Data_ShapeFiles\CatchmentAreas.shp,SAP_FLOC21,-1,-1;SHAPE_Leng "SHAPE_Leng" true true false 19 Double 0 0 ,First,#,C:\DATAMIGRATION\Production\Data_ShapeFiles\CatchmentAreas.shp,SHAPE_Leng,-1,-1;SHAPE_Area "SHAPE_Area" true true false 19 Double 0 0 ,First,#,C:\DATAMIGRATION\Production\Data_ShapeFiles\CatchmentAreas.shp,SHAPE_Area,-1,-1;STAR_ID "STAR_ID" true true false 40 Text 0 0 ,First,#,C:\DATAMIGRATION\Production\Data_ShapeFiles\CatchmentAreas.shp,STAR_ID,-1,-1;WORKS_CODE "WORKS_CODE" true true false 35 Text 0 0 ,First,#,C:\DATAMIGRATION\Production\Data_ShapeFiles\CatchmentAreas.shp,WORKS_CODE,-1,-1;WORKS_ID "WORKS_ID" true true false 19 Double 0 0 ,First,#,C:\DATAMIGRATION\Production\Data_ShapeFiles\CatchmentAreas.shp,WORKS_ID,-1,-1" #</Process><Process ToolSource="C:\Program Files (x86)\ArcGIS\Desktop10.0\ArcToolbox\Toolboxes\Data Management Tools.tbx\AddSpatialIndex" Date="20120625" Time="163133">AddSpatialIndex "E:\sde connections\stwgis@gisstdb_live.sde\GISSTdb.STWGIS.CatchmentArea" -6 0 0</Process><Process ToolSource="C:\Program Files (x86)\ArcGIS\Desktop10.0\ArcToolbox\Toolboxes\Data Management Tools.tbx\AddSpatialIndex" Date="20120919" Time="212756">AddSpatialIndex "E:\sde connections\stwgis@gisstdb_live.sde\GISSTdb.STWGIS.CatchmentArea" -6 0 0</Process><Process ToolSource="c:\program files (x86)\arcgis\desktop10.0\ArcToolbox\Toolboxes\Conversion Tools.tbx\FeatureClassToFeatureClass" Date="20121010" Time="204543">FeatureClassToFeatureClass "E:\sde connections\stwgis@gisstdb_live.sde\GISSTdb.STWGIS.AdminBndFeatureDS\GISSTdb.STWGIS.CatchmentArea_old" "E:\sde connections\stwgis@gisstdb_live.sde\GISSTdb.STWGIS.AdminBndFeatureDS" CatchmentArea # "CATCHMENT_ID "Catchment ID" true true false 10 Text 0 0 ,First,#,E:\sde connections\stwgis@gisstdb_live.sde\GISSTdb.STWGIS.AdminBndFeatureDS\GISSTdb.STWGIS.CatchmentArea_old,CATCHMENT_ID,-1,-1;SU_REFERENCE "SU Reference" true true false 10 Text 0 0 ,First,#,E:\sde connections\stwgis@gisstdb_live.sde\GISSTdb.STWGIS.AdminBndFeatureDS\GISSTdb.STWGIS.CatchmentArea_old,SU_REFERENCE,-1,-1;CATCHMENT_NAME "Catchment Name" true true false 35 Text 0 0 ,First,#,E:\sde connections\stwgis@gisstdb_live.sde\GISSTdb.STWGIS.AdminBndFeatureDS\GISSTdb.STWGIS.CatchmentArea_old,CATCHMENT_NAME,-1,-1;CACI_2001 "CACI_2001" true true false 4 Long 0 10 ,First,#,E:\sde connections\stwgis@gisstdb_live.sde\GISSTdb.STWGIS.AdminBndFeatureDS\GISSTdb.STWGIS.CatchmentArea_old,CACI_2001,-1,-1;CACI_20010 "CACI_20010" true true false 4 Long 0 10 ,First,#,E:\sde connections\stwgis@gisstdb_live.sde\GISSTdb.STWGIS.AdminBndFeatureDS\GISSTdb.STWGIS.CatchmentArea_old,CACI_20010,-1,-1;CACI_2006 "CACI_2006" true true false 4 Long 0 10 ,First,#,E:\sde connections\stwgis@gisstdb_live.sde\GISSTdb.STWGIS.AdminBndFeatureDS\GISSTdb.STWGIS.CatchmentArea_old,CACI_2006,-1,-1;CACI_2007 "CACI_2007" true true false 4 Long 0 10 ,First,#,E:\sde connections\stwgis@gisstdb_live.sde\GISSTdb.STWGIS.AdminBndFeatureDS\GISSTdb.STWGIS.CatchmentArea_old,CACI_2007,-1,-1;CACI_2030 "CACI_2030" true true false 4 Long 0 10 ,First,#,E:\sde connections\stwgis@gisstdb_live.sde\GISSTdb.STWGIS.AdminBndFeatureDS\GISSTdb.STWGIS.CatchmentArea_old,CACI_2030,-1,-1;PROPERTIES "Properties" true true false 4 Long 0 10 ,First,#,E:\sde connections\stwgis@gisstdb_live.sde\GISSTdb.STWGIS.AdminBndFeatureDS\GISSTdb.STWGIS.CatchmentArea_old,PROPERTIES,-1,-1;STATUS "Status" true true false 35 Text 0 0 ,First,#,E:\sde connections\stwgis@gisstdb_live.sde\GISSTdb.STWGIS.AdminBndFeatureDS\GISSTdb.STWGIS.CatchmentArea_old,STATUS,-1,-1;UPDATED "Updated" true true false 36 Date 0 0 ,First,#,E:\sde connections\stwgis@gisstdb_live.sde\GISSTdb.STWGIS.AdminBndFeatureDS\GISSTdb.STWGIS.CatchmentArea_old,UPDATED,-1,-1;SUGRAN "Surgan" true true false 10 Text 0 0 ,First,#,E:\sde connections\stwgis@gisstdb_live.sde\GISSTdb.STWGIS.AdminBndFeatureDS\GISSTdb.STWGIS.CatchmentArea_old,SUGRAN,-1,-1;COMMENT "Comment" true true false 500 Text 0 0 ,First,#,E:\sde connections\stwgis@gisstdb_live.sde\GISSTdb.STWGIS.AdminBndFeatureDS\GISSTdb.STWGIS.CatchmentArea_old,COMMENT,-1,-1;SAP_FLOC_ID "SAP FLOC ID" true true false 20 Text 0 0 ,First,#,E:\sde connections\stwgis@gisstdb_live.sde\GISSTdb.STWGIS.AdminBndFeatureDS\GISSTdb.STWGIS.CatchmentArea_old,SAP_FLOC_ID,-1,-1;SAP_FLOC_DESC "SAP FLOC Description" true true false 40 Text 0 0 ,First,#,E:\sde connections\stwgis@gisstdb_live.sde\GISSTdb.STWGIS.AdminBndFeatureDS\GISSTdb.STWGIS.CatchmentArea_old,SAP_FLOC_DESC,-1,-1;SHAPE_Leng "SHAPE_Leng" true true false 8 Double 8 38 ,First,#,E:\sde connections\stwgis@gisstdb_live.sde\GISSTdb.STWGIS.AdminBndFeatureDS\GISSTdb.STWGIS.CatchmentArea_old,SHAPE_Leng,-1,-1;STAR_ID "STAR_ID" true true false 40 Text 0 0 ,First,#,E:\sde connections\stwgis@gisstdb_live.sde\GISSTdb.STWGIS.AdminBndFeatureDS\GISSTdb.STWGIS.CatchmentArea_old,STAR_ID,-1,-1;WORKS_CODE "WORKS_CODE" true true false 35 Text 0 0 ,First,#,E:\sde connections\stwgis@gisstdb_live.sde\GISSTdb.STWGIS.AdminBndFeatureDS\GISSTdb.STWGIS.CatchmentArea_old,WORKS_CODE,-1,-1;WORKS_ID "WORKS_ID" true true false 8 Double 8 38 ,First,#,E:\sde connections\stwgis@gisstdb_live.sde\GISSTdb.STWGIS.AdminBndFeatureDS\GISSTdb.STWGIS.CatchmentArea_old,WORKS_ID,-1,-1;CREATED_DATE "Created Date" true true false 36 Date 0 0 ,First,#,E:\sde connections\stwgis@gisstdb_live.sde\GISSTdb.STWGIS.AdminBndFeatureDS\GISSTdb.STWGIS.CatchmentArea_old,CREATED_DATE,-1,-1;MODIFIED_DATE "Last Modified Date" true true false 36 Date 0 0 ,First,#,E:\sde connections\stwgis@gisstdb_live.sde\GISSTdb.STWGIS.AdminBndFeatureDS\GISSTdb.STWGIS.CatchmentArea_old,MODIFIED_DATE,-1,-1;MODIFIED_USER "Modified User" true true false 30 Text 0 0 ,First,#,E:\sde connections\stwgis@gisstdb_live.sde\GISSTdb.STWGIS.AdminBndFeatureDS\GISSTdb.STWGIS.CatchmentArea_old,MODIFIED_USER,-1,-1;CREATED_USER "Created User" true true false 30 Text 0 0 ,First,#,E:\sde connections\stwgis@gisstdb_live.sde\GISSTdb.STWGIS.AdminBndFeatureDS\GISSTdb.STWGIS.CatchmentArea_old,CREATED_USER,-1,-1;JOB_ID "Job ID" true true false 15 Text 0 0 ,First,#,E:\sde connections\stwgis@gisstdb_live.sde\GISSTdb.STWGIS.AdminBndFeatureDS\GISSTdb.STWGIS.CatchmentArea_old,JOB_ID,-1,-1;QA_STATUS "Quality Assured" true true false 4 Long 0 10 ,First,#,E:\sde connections\stwgis@gisstdb_live.sde\GISSTdb.STWGIS.AdminBndFeatureDS\GISSTdb.STWGIS.CatchmentArea_old,QA_STATUS,-1,-1;SAP_USER_STATUS "SAP User Status" true true false 15 Text 0 0 ,First,#,E:\sde connections\stwgis@gisstdb_live.sde\GISSTdb.STWGIS.AdminBndFeatureDS\GISSTdb.STWGIS.CatchmentArea_old,SAP_USER_STATUS,-1,-1;SAP_CLASS "SAP Class" true true false 30 Text 0 0 ,First,#,E:\sde connections\stwgis@gisstdb_live.sde\GISSTdb.STWGIS.AdminBndFeatureDS\GISSTdb.STWGIS.CatchmentArea_old,SAP_CLASS,-1,-1;Shape_STArea__ "Shape.STArea()" false false true 0 Double 0 0 ,First,#,E:\sde connections\stwgis@gisstdb_live.sde\GISSTdb.STWGIS.AdminBndFeatureDS\GISSTdb.STWGIS.CatchmentArea_old,Shape.STArea(),-1,-1;Shape_STLength__ "Shape.STLength()" false false true 0 Double 0 0 ,First,#,E:\sde connections\stwgis@gisstdb_live.sde\GISSTdb.STWGIS.AdminBndFeatureDS\GISSTdb.STWGIS.CatchmentArea_old,Shape.STLength(),-1,-1" #</Process></lineage></DataProperties><SyncDate>20121010</SyncDate><SyncTime>20454000</SyncTime><ModDate>20121010</ModDate><ModTime>20454000</ModTime></Esri><dataIdInfo><envirDesc Sync="TRUE">Microsoft Windows Server 2008 R2 Version 6.1 (Build 7601) Service Pack 1; ESRI ArcGIS 10.0.3.3600</envirDesc><dataLang><languageCode value="eng" Sync="TRUE"/><countryCode value="GBR" Sync="TRUE"/></dataLang><idCitation><resTitle Sync="TRUE">gisstdb.STWGIS.CatchmentArea</resTitle><presForm><PresFormCd value="005" Sync="TRUE"/></presForm></idCitation><spatRpType><SpatRepTypCd value="001" Sync="TRUE"/></spatRpType></dataIdInfo><mdLang><languageCode value="eng" Sync="TRUE"/><countryCode value="GBR" Sync="TRUE"/></mdLang><GEMINI_Metadata><IdentificationInfo><spatialRepresentationType codeList="001"/></IdentificationInfo><dateStamp>20120615</dateStamp><metadataStandardName>UK GEMINI Standard</metadataStandardName><metadataStandardVersion>1.0</metadataStandardVersion><referenceSystemInfo><referenceSystemIdentifier><code>001</code></referenceSystemIdentifier></referenceSystemInfo></GEMINI_Metadata><distInfo><distFormat><formatName Sync="TRUE">SDE Feature Class</formatName></distFormat></distInfo><mdHrLv><ScopeCd value="005" Sync="TRUE"/></mdHrLv><mdHrLvName Sync="TRUE">dataset</mdHrLvName><refSysInfo><RefSystem><refSysID><identCode code="27700" Sync="TRUE" value="27700"/><idCodeSpace Sync="TRUE">EPSG</idCodeSpace><idVersion Sync="TRUE">7.4.1</idVersion></refSysID></RefSystem></refSysInfo><spatRepInfo><VectSpatRep><geometObjs Name="gisstdb.STWGIS.CatchmentArea"><geoObjTyp><GeoObjTypCd value="002" Sync="TRUE"/></geoObjTyp><geoObjCnt Sync="TRUE">0</geoObjCnt></geometObjs><topLvl><TopoLevCd value="001" Sync="TRUE"/></topLvl></VectSpatRep></spatRepInfo><spdoinfo><ptvctinf><esriterm><efeatyp Sync="TRUE">Simple</efeatyp><efeageom code="4" Sync="TRUE"/><esritopo Sync="TRUE">FALSE</esritopo><efeacnt Sync="TRUE">0</efeacnt><spindex Sync="TRUE">TRUE</spindex><linrefer Sync="TRUE">FALSE</linrefer></esriterm></ptvctinf></spdoinfo><eainfo><detailed Name="gisstdb.STWGIS.CatchmentArea"><enttyp><enttypl Sync="TRUE">gisstdb.STWGIS.CatchmentArea</enttypl><enttypt Sync="TRUE">Feature Class</enttypt><enttypc Sync="TRUE">0</enttypc></enttyp><attr><attrlabl Sync="TRUE">OBJECTID</attrlabl><attalias Sync="TRUE">OBJECTID</attalias><attrtype Sync="TRUE">OID</attrtype><attwidth Sync="TRUE">4</attwidth><atprecis Sync="TRUE">10</atprecis><attscale Sync="TRUE">0</attscale><attrdef Sync="TRUE">Internal feature number.</attrdef><attrdefs Sync="TRUE">ESRI</attrdefs><attrdomv><udom Sync="TRUE">Sequential unique whole numbers that are automatically generated.</udom></attrdomv></attr><attr><attrlabl Sync="TRUE">CATCHMENT_ID</attrlabl><attalias Sync="TRUE">Catchment ID</attalias><attrtype Sync="TRUE">String</attrtype><attwidth Sync="TRUE">10</attwidth><atprecis Sync="TRUE">0</atprecis><attscale Sync="TRUE">0</attscale></attr><attr><attrlabl Sync="TRUE">SU_REFERENCE</attrlabl><attalias Sync="TRUE">SU Reference</attalias><attrtype Sync="TRUE">String</attrtype><attwidth Sync="TRUE">10</attwidth><atprecis Sync="TRUE">0</atprecis><attscale Sync="TRUE">0</attscale></attr><attr><attrlabl Sync="TRUE">CATCHMENT_NAME</attrlabl><attalias Sync="TRUE">Catchment Name</attalias><attrtype Sync="TRUE">String</attrtype><attwidth Sync="TRUE">35</attwidth><atprecis Sync="TRUE">0</atprecis><attscale Sync="TRUE">0</attscale></attr><attr><attrlabl Sync="TRUE">CACI_2001</attrlabl><attalias Sync="TRUE">CACI_2001</attalias><attrtype Sync="TRUE">Integer</attrtype><attwidth Sync="TRUE">4</attwidth><atprecis Sync="TRUE">10</atprecis><attscale Sync="TRUE">0</attscale></attr><attr><attrlabl Sync="TRUE">CACI_20010</attrlabl><attalias Sync="TRUE">CACI_20010</attalias><attrtype Sync="TRUE">Integer</attrtype><attwidth Sync="TRUE">4</attwidth><atprecis Sync="TRUE">10</atprecis><attscale Sync="TRUE">0</attscale></attr><attr><attrlabl Sync="TRUE">CACI_2006</attrlabl><attalias Sync="TRUE">CACI_2006</attalias><attrtype Sync="TRUE">Integer</attrtype><attwidth Sync="TRUE">4</attwidth><atprecis Sync="TRUE">10</atprecis><attscale Sync="TRUE">0</attscale></attr><attr><attrlabl Sync="TRUE">CACI_2007</attrlabl><attalias Sync="TRUE">CACI_2007</attalias><attrtype Sync="TRUE">Integer</attrtype><attwidth Sync="TRUE">4</attwidth><atprecis Sync="TRUE">10</atprecis><attscale Sync="TRUE">0</attscale></attr><attr><attrlabl Sync="TRUE">CACI_2030</attrlabl><attalias Sync="TRUE">CACI_2030</attalias><attrtype Sync="TRUE">Integer</attrtype><attwidth Sync="TRUE">4</attwidth><atprecis Sync="TRUE">10</atprecis><attscale Sync="TRUE">0</attscale></attr><attr><attrlabl Sync="TRUE">PROPERTIES</attrlabl><attalias Sync="TRUE">Properties</attalias><attrtype Sync="TRUE">Integer</attrtype><attwidth Sync="TRUE">4</attwidth><atprecis Sync="TRUE">10</atprecis><attscale Sync="TRUE">0</attscale></attr><attr><attrlabl Sync="TRUE">STATUS</attrlabl><attalias Sync="TRUE">Status</attalias><attrtype Sync="TRUE">String</attrtype><attwidth Sync="TRUE">35</attwidth><atprecis Sync="TRUE">0</atprecis><attscale Sync="TRUE">0</attscale></attr><attr><attrlabl Sync="TRUE">UPDATED</attrlabl><attalias Sync="TRUE">Updated</attalias><attrtype Sync="TRUE">Date</attrtype><attwidth Sync="TRUE">36</attwidth><atprecis Sync="TRUE">0</atprecis><attscale Sync="TRUE">0</attscale></attr><attr><attrlabl Sync="TRUE">SUGRAN</attrlabl><attalias Sync="TRUE">Surgan</attalias><attrtype Sync="TRUE">String</attrtype><attwidth Sync="TRUE">10</attwidth><atprecis Sync="TRUE">0</atprecis><attscale Sync="TRUE">0</attscale></attr><attr><attrlabl Sync="TRUE">COMMENT</attrlabl><attalias Sync="TRUE">Comment</attalias><attrtype Sync="TRUE">String</attrtype><attwidth Sync="TRUE">500</attwidth><atprecis Sync="TRUE">0</atprecis><attscale Sync="TRUE">0</attscale></attr><attr><attrlabl Sync="TRUE">SAP_FLOC_ID</attrlabl><attalias Sync="TRUE">SAP FLOC ID</attalias><attrtype Sync="TRUE">String</attrtype><attwidth Sync="TRUE">20</attwidth><atprecis Sync="TRUE">0</atprecis><attscale Sync="TRUE">0</attscale></attr><attr><attrlabl Sync="TRUE">SAP_FLOC_DESC</attrlabl><attalias Sync="TRUE">SAP FLOC Description</attalias><attrtype Sync="TRUE">String</attrtype><attwidth Sync="TRUE">40</attwidth><atprecis Sync="TRUE">0</atprecis><attscale Sync="TRUE">0</attscale></attr><attr><attrlabl Sync="TRUE">SHAPE_Leng</attrlabl><attalias Sync="TRUE">SHAPE_Leng</attalias><attrtype Sync="TRUE">Double</attrtype><attwidth Sync="TRUE">8</attwidth><atprecis Sync="TRUE">38</atprecis><attscale Sync="TRUE">8</attscale></attr><attr><attrlabl Sync="TRUE">STAR_ID</attrlabl><attalias Sync="TRUE">STAR_ID</attalias><attrtype Sync="TRUE">String</attrtype><attwidth Sync="TRUE">40</attwidth><atprecis Sync="TRUE">0</atprecis><attscale Sync="TRUE">0</attscale></attr><attr><attrlabl Sync="TRUE">WORKS_CODE</attrlabl><attalias Sync="TRUE">WORKS_CODE</attalias><attrtype Sync="TRUE">String</attrtype><attwidth Sync="TRUE">35</attwidth><atprecis Sync="TRUE">0</atprecis><attscale Sync="TRUE">0</attscale></attr><attr><attrlabl Sync="TRUE">WORKS_ID</attrlabl><attalias Sync="TRUE">WORKS_ID</attalias><attrtype Sync="TRUE">Double</attrtype><attwidth Sync="TRUE">8</attwidth><atprecis Sync="TRUE">38</atprecis><attscale Sync="TRUE">8</attscale></attr><attr><attrlabl Sync="TRUE">CREATED_DATE</attrlabl><attalias Sync="TRUE">Created Date</attalias><attrtype Sync="TRUE">Date</attrtype><attwidth Sync="TRUE">36</attwidth><atprecis Sync="TRUE">0</atprecis><attscale Sync="TRUE">0</attscale></attr><attr><attrlabl Sync="TRUE">MODIFIED_DATE</attrlabl><attalias Sync="TRUE">Last Modified Date</attalias><attrtype Sync="TRUE">Date</attrtype><attwidth Sync="TRUE">36</attwidth><atprecis Sync="TRUE">0</atprecis><attscale Sync="TRUE">0</attscale></attr><attr><attrlabl Sync="TRUE">MODIFIED_USER</attrlabl><attalias Sync="TRUE">Modified User</attalias><attrtype Sync="TRUE">String</attrtype><attwidth Sync="TRUE">30</attwidth><atprecis Sync="TRUE">0</atprecis><attscale Sync="TRUE">0</attscale></attr><attr><attrlabl Sync="TRUE">CREATED_USER</attrlabl><attalias Sync="TRUE">Created User</attalias><attrtype Sync="TRUE">String</attrtype><attwidth Sync="TRUE">30</attwidth><atprecis Sync="TRUE">0</atprecis><attscale Sync="TRUE">0</attscale></attr><attr><attrlabl Sync="TRUE">JOB_ID</attrlabl><attalias Sync="TRUE">Job ID</attalias><attrtype Sync="TRUE">String</attrtype><attwidth Sync="TRUE">15</attwidth><atprecis Sync="TRUE">0</atprecis><attscale Sync="TRUE">0</attscale></attr><attr><attrlabl Sync="TRUE">QA_STATUS</attrlabl><attalias Sync="TRUE">Quality Assured</attalias><attrtype Sync="TRUE">Integer</attrtype><attwidth Sync="TRUE">4</attwidth><atprecis Sync="TRUE">10</atprecis><attscale Sync="TRUE">0</attscale></attr><attr><attrlabl Sync="TRUE">SAP_USER_STATUS</attrlabl><attalias Sync="TRUE">SAP User Status</attalias><attrtype Sync="TRUE">String</attrtype><attwidth Sync="TRUE">15</attwidth><atprecis Sync="TRUE">0</atprecis><attscale Sync="TRUE">0</attscale></attr><attr><attrlabl Sync="TRUE">SAP_CLASS</attrlabl><attalias Sync="TRUE">SAP Class</attalias><attrtype Sync="TRUE">String</attrtype><attwidth Sync="TRUE">30</attwidth><atprecis Sync="TRUE">0</atprecis><attscale Sync="TRUE">0</attscale></attr><attr><attrlabl Sync="TRUE">Shape_STArea__</attrlabl><attalias Sync="TRUE">Shape.STArea()</attalias><attrtype Sync="TRUE">Double</attrtype><attwidth Sync="TRUE">8</attwidth><atprecis Sync="TRUE">38</atprecis><attscale Sync="TRUE">8</attscale></attr><attr><attrlabl Sync="TRUE">Shape_STLength__</attrlabl><attalias Sync="TRUE">Shape.STLength()</attalias><attrtype Sync="TRUE">Double</attrtype><attwidth Sync="TRUE">8</attwidth><atprecis Sync="TRUE">38</atprecis><attscale Sync="TRUE">8</attscale></attr><attr><attrlabl Sync="TRUE">Shape</attrlabl><attalias Sync="TRUE">Shape</attalias><attrtype Sync="TRUE">Geometry</attrtype><attwidth Sync="TRUE">4</attwidth><atprecis Sync="TRUE">0</atprecis><attscale Sync="TRUE">0</attscale><attrdef Sync="TRUE">Feature geometry.</attrdef><attrdefs Sync="TRUE">ESRI</attrdefs><attrdomv><udom Sync="TRUE">Coordinates defining the features.</udom></attrdomv></attr><attr><attrlabl Sync="TRUE">Shape.STArea()</attrlabl><attalias Sync="TRUE">Shape.STArea()</attalias><attrtype Sync="TRUE">Double</attrtype><attwidth Sync="TRUE">0</attwidth><atprecis Sync="TRUE">0</atprecis><attscale Sync="TRUE">0</attscale></attr><attr><attrlabl Sync="TRUE">Shape.STLength()</attrlabl><attalias Sync="TRUE">Shape.STLength()</attalias><attrtype Sync="TRUE">Double</attrtype><attwidth Sync="TRUE">0</attwidth><atprecis Sync="TRUE">0</atprecis><attscale Sync="TRUE">0</attscale></attr></detailed></eainfo><mdDateSt Sync="TRUE">20121010</mdDateSt><gmd:GEMINI_Metadata xmlns:gmd="http://www.isotc211.org/2005/gmd" xmlns:xsi="http://www.w3.org/2001/XMLSchema-instance" xmlns:gco="http://www.isotc211.org/2005/gco" xmlns:srv="http://www.isotc211.org/2005/srv" xmlns:gts="http://www.isotc211.org/2005/gts" xmlns:gml="http://www.opengis.net/gml" xmlns:xlink="http://www.w3.org/1999/xlink" xmlns:msxsl="urn:schemas-microsoft-com:xslt"><gmd:fileIdentifier><gco:CharacterString>{eb07cd96-f96e-45aa-8702-d6e64e340096}</gco:CharacterString></gmd:fileIdentifier><gmd:dateStamp><gco:Date>2012-06-15</gco:Date></gmd:dateStamp><gmd:language><gmd:LanguageCode codeList="http://www.loc.gov/standards/iso639-2/php/code_list.php" codeListValue="eng">English [English]</gmd:LanguageCode></gmd:language><gmd:identificationInfo><gmd:MD_DataIdentification/></gmd:identificationInfo><gmd:distributionInfo><gmd:MD_Distribution><gmd:transferOptions><gmd:MD_DigitalTransferOptions><gmd:onLine><gmd:CI_OnlineResource><gmd:linkage><gmd:URL>Server=Production; Service=sde:sqlserver:ST1C5213B\ST1C5213B; Database=GISSTdb; User=stwgis; Version=sde.DEFAULT</gmd:URL></gmd:linkage></gmd:CI_OnlineResource></gmd:onLine></gmd:MD_DigitalTransferOptions></gmd:transferOptions><gmd:distributionFormat><gmd:MD_Format><gmd:name><gco:CharacterString>SDE Feature Class</gco:CharacterString></gmd:name></gmd:MD_Format></gmd:distributionFormat></gmd:MD_Distribution></gmd:distributionInfo><gmd:referenceSystemInfo><gmd:MD_ReferenceSystem><gmd:referenceSystemIdentifier><gmd:RS_Identifier><gmd:code><gco:CharacterString>Great Britain National Grid</gco:CharacterString></gmd:code></gmd:RS_Identifier></gmd:referenceSystemIdentifier></gmd:MD_ReferenceSystem></gmd:referenceSystemInfo></gmd:GEMINI_Metadata></metadata>
