<?xml version="1.0" encoding="UTF-8"?>
<metadata xml:lang="en"><Esri><CreaDate>20220104</CreaDate><CreaTime>11594100</CreaTime><ArcGISFormat>1.0</ArcGISFormat><SyncOnce>TRUE</SyncOnce><DataProperties><lineage><Process ToolSource="C:\Program Files (x86)\ArcGIS\Desktop10.0\ArcToolbox\Toolboxes\Data Management Tools.tbx\DeleteFeatures" Date="20130228" Time="150552" Name="" export="">DeleteFeatures D:\RAM\CUT_OVER_DATA\wwboundary.gdb\wwBoundaries\wwDrainageArea</Process><Process ToolSource="d:\program files (x86)\arcgis\desktop10.0\ArcToolbox\Toolboxes\Data Management Tools.tbx\DeleteFeatures" Date="20160826" Time="103616">DeleteFeatures D:\cut_sim_june2016\Database_Connections\ASSET_@_DSA01AE.sde\ASSET.wwBoundaries\ASSET.wwDrainageArea</Process><Process ToolSource="d:\program files (x86)\arcgis\desktop10.0\ArcToolbox\Toolboxes\Data Management Tools.tbx\DeleteField" Date="20160826" Time="103930">DeleteField D:\cut_sim_june2016\Database_Connections\ASSET_@_DSA01AE.sde\ASSET.wwBoundaries\ASSET.wwDrainageArea CREATIONUSER;DATECREATED;DATEMODIFIED;LASTUSER;DACODE;DATEPOSTED;SESSIONID;ASSET.wwDrainageArea.AREA;COMMENTS;COUNCILAREA;GRADE;INTERSECTS;OLDDASNUMBER;PCAREA;POPULATIONAPR2011;POPULATIONJAN2012;PROPS;PROPSAPR2011;PROPSJAN2011;SUMAREAKM;WORKSDES;FEATURENUMBER;WORKSCODE</Process><Process ToolSource="d:\program files (x86)\arcgis\desktop10.0\ArcToolbox\Toolboxes\Data Management Tools.tbx\AddField" Date="20160826" Time="104009">AddField D:\cut_sim_june2016\Database_Connections\ASSET_@_DSA01AE.sde\ASSET.wwBoundaries\ASSET.wwDrainageArea CATCH_CODE TEXT # # 5 Catch_Code NULLABLE NON_REQUIRED #</Process><Process ToolSource="d:\program files (x86)\arcgis\desktop10.0\ArcToolbox\Toolboxes\Data Management Tools.tbx\AddField" Date="20160826" Time="104046">AddField D:\cut_sim_june2016\Database_Connections\ASSET_@_DSA01AE.sde\ASSET.wwBoundaries\ASSET.wwDrainageArea CATCH_NAME TEXT # # 30 Catch_Name NULLABLE NON_REQUIRED #</Process><Process ToolSource="d:\program files (x86)\arcgis\desktop10.0\ArcToolbox\Toolboxes\Data Management Tools.tbx\AddField" Date="20160826" Time="104117">AddField D:\cut_sim_june2016\Database_Connections\ASSET_@_DSA01AE.sde\ASSET.wwBoundaries\ASSET.wwDrainageArea SUBCA_CODE TEXT # # 10 Subca_Code NULLABLE NON_REQUIRED #</Process><Process ToolSource="d:\program files (x86)\arcgis\desktop10.0\ArcToolbox\Toolboxes\Data Management Tools.tbx\AddField" Date="20160826" Time="104147">AddField D:\cut_sim_june2016\Database_Connections\ASSET_@_DSA01AE.sde\ASSET.wwBoundaries\ASSET.wwDrainageArea SUBCA_NAME TEXT # # 30 Subca_Name NULLABLE NON_REQUIRED #</Process><Process ToolSource="d:\program files (x86)\arcgis\desktop10.0\ArcToolbox\Toolboxes\Data Management Tools.tbx\AddField" Date="20160826" Time="104230">AddField D:\cut_sim_june2016\Database_Connections\ASSET_@_DSA01AE.sde\ASSET.wwBoundaries\ASSET.wwDrainageArea DA_CODE TEXT # # 25 DA_Code NULLABLE NON_REQUIRED #</Process><Process ToolSource="d:\program files (x86)\arcgis\desktop10.0\ArcToolbox\Toolboxes\Data Management Tools.tbx\AddField" Date="20160826" Time="104301">AddField D:\cut_sim_june2016\Database_Connections\ASSET_@_DSA01AE.sde\ASSET.wwBoundaries\ASSET.wwDrainageArea DA_NAME TEXT # # 30 DA_NAME NULLABLE NON_REQUIRED #</Process><Process ToolSource="d:\program files (x86)\arcgis\desktop10.0\ArcToolbox\Toolboxes\Data Management Tools.tbx\AddField" Date="20160826" Time="104335">AddField D:\cut_sim_june2016\Database_Connections\ASSET_@_DSA01AE.sde\ASSET.wwBoundaries\ASSET.wwDrainageArea WWTW_CODE TEXT # # 5 WwTw_Code NULLABLE NON_REQUIRED #</Process><Process ToolSource="d:\program files (x86)\arcgis\desktop10.0\ArcToolbox\Toolboxes\Data Management Tools.tbx\AddField" Date="20160826" Time="104407">AddField D:\cut_sim_june2016\Database_Connections\ASSET_@_DSA01AE.sde\ASSET.wwBoundaries\ASSET.wwDrainageArea WWTW_NAME TEXT # # 50 WwTw_Name NULLABLE NON_REQUIRED #</Process><Process ToolSource="d:\program files (x86)\arcgis\desktop10.0\ArcToolbox\Toolboxes\Data Management Tools.tbx\AddField" Date="20160826" Time="104438">AddField D:\cut_sim_june2016\Database_Connections\ASSET_@_DSA01AE.sde\ASSET.wwBoundaries\ASSET.wwDrainageArea WWTW_CATCH TEXT # # 30 WwTw_Catch NULLABLE NON_REQUIRED #</Process><Process ToolSource="d:\program files (x86)\arcgis\desktop10.0\ArcToolbox\Toolboxes\Data Management Tools.tbx\AddField" Date="20160826" Time="104510">AddField D:\cut_sim_june2016\Database_Connections\ASSET_@_DSA01AE.sde\ASSET.wwBoundaries\ASSET.wwDrainageArea WWTW_X DOUBLE # # 5 WwTw_x NULLABLE NON_REQUIRED #</Process><Process ToolSource="d:\program files (x86)\arcgis\desktop10.0\ArcToolbox\Toolboxes\Data Management Tools.tbx\AddField" Date="20160826" Time="104548">AddField D:\cut_sim_june2016\Database_Connections\ASSET_@_DSA01AE.sde\ASSET.wwBoundaries\ASSET.wwDrainageArea WWTW_Y DOUBLE # # 5 WwTw_y NULLABLE NON_REQUIRED #</Process><Process ToolSource="d:\program files (x86)\arcgis\desktop10.0\ArcToolbox\Toolboxes\Data Management Tools.tbx\AddField" Date="20160826" Time="104621">AddField D:\cut_sim_june2016\Database_Connections\ASSET_@_DSA01AE.sde\ASSET.wwBoundaries\ASSET.wwDrainageArea COUNCILAREA TEXT # # 20 "Council Area" NULLABLE NON_REQUIRED #</Process><Process ToolSource="d:\program files (x86)\arcgis\desktop10.0\ArcToolbox\Toolboxes\Data Management Tools.tbx\AddField" Date="20160826" Time="104653">AddField D:\cut_sim_june2016\Database_Connections\ASSET_@_DSA01AE.sde\ASSET.wwBoundaries\ASSET.wwDrainageArea FEATURENUMBER LONG # # 5 FeatureNumber NULLABLE NON_REQUIRED #</Process><Process ToolSource="d:\program files (x86)\arcgis\desktop10.0\ArcToolbox\Toolboxes\Data Management Tools.tbx\AddField" Date="20160826" Time="104723">AddField D:\cut_sim_june2016\Database_Connections\ASSET_@_DSA01AE.sde\ASSET.wwBoundaries\ASSET.wwDrainageArea GRADE TEXT # # 2 Grade NULLABLE NON_REQUIRED #</Process><Process ToolSource="d:\program files (x86)\arcgis\desktop10.0\ArcToolbox\Toolboxes\Data Management Tools.tbx\AddField" Date="20160826" Time="104754">AddField D:\cut_sim_june2016\Database_Connections\ASSET_@_DSA01AE.sde\ASSET.wwBoundaries\ASSET.wwDrainageArea CREATIONUSER TEXT # # 20 "Creation user" NULLABLE NON_REQUIRED #</Process><Process ToolSource="d:\program files (x86)\arcgis\desktop10.0\ArcToolbox\Toolboxes\Data Management Tools.tbx\AddField" Date="20160826" Time="104825">AddField D:\cut_sim_june2016\Database_Connections\ASSET_@_DSA01AE.sde\ASSET.wwBoundaries\ASSET.wwDrainageArea DATECREATED DATE # # 5 "Date Created" NULLABLE NON_REQUIRED #</Process><Process ToolSource="d:\program files (x86)\arcgis\desktop10.0\ArcToolbox\Toolboxes\Data Management Tools.tbx\AddField" Date="20160826" Time="104857">AddField D:\cut_sim_june2016\Database_Connections\ASSET_@_DSA01AE.sde\ASSET.wwBoundaries\ASSET.wwDrainageArea LASTUSER TEXT # # 20 "Last User" NULLABLE NON_REQUIRED #</Process><Process ToolSource="d:\program files (x86)\arcgis\desktop10.0\ArcToolbox\Toolboxes\Data Management Tools.tbx\AddField" Date="20160826" Time="104931">AddField D:\cut_sim_june2016\Database_Connections\ASSET_@_DSA01AE.sde\ASSET.wwBoundaries\ASSET.wwDrainageArea DATEMODIFIED DATE # # 5 "Date Modified" NULLABLE NON_REQUIRED #</Process><Process ToolSource="d:\program files (x86)\arcgis\desktop10.0\ArcToolbox\Toolboxes\Data Management Tools.tbx\AddField" Date="20160826" Time="105001">AddField D:\cut_sim_june2016\Database_Connections\ASSET_@_DSA01AE.sde\ASSET.wwBoundaries\ASSET.wwDrainageArea COMMENTS TEXT # # 120 Comments NULLABLE NON_REQUIRED #</Process><Process ToolSource="d:\program files (x86)\arcgis\desktop10.0\ArcToolbox\Toolboxes\Data Management Tools.tbx\AddField" Date="20160826" Time="105033">AddField D:\cut_sim_june2016\Database_Connections\ASSET_@_DSA01AE.sde\ASSET.wwBoundaries\ASSET.wwDrainageArea POPULATION LONG # # 5 Population NULLABLE NON_REQUIRED #</Process><Process ToolSource="d:\program files (x86)\arcgis\desktop10.0\ArcToolbox\Toolboxes\Data Management Tools.tbx\AddField" Date="20160826" Time="105104">AddField D:\cut_sim_june2016\Database_Connections\ASSET_@_DSA01AE.sde\ASSET.wwBoundaries\ASSET.wwDrainageArea PROPERTIES LONG # # 5 Properties NULLABLE NON_REQUIRED #</Process><Process ToolSource="d:\program files (x86)\arcgis\desktop10.0\ArcToolbox\Toolboxes\Data Management Tools.tbx\AddField" Date="20160826" Time="105137">AddField D:\cut_sim_june2016\Database_Connections\ASSET_@_DSA01AE.sde\ASSET.wwBoundaries\ASSET.wwDrainageArea OLDDASNUMBER TEXT # # 20 "Old DAS Number" NULLABLE NON_REQUIRED #</Process><Process ToolSource="d:\program files (x86)\arcgis\desktop10.0\ArcToolbox\Toolboxes\Data Management Tools.tbx\AddField" Date="20160826" Time="105210">AddField D:\cut_sim_june2016\Database_Connections\ASSET_@_DSA01AE.sde\ASSET.wwBoundaries\ASSET.wwDrainageArea TEMP1 TEXT # # 50 TEMP1 NULLABLE NON_REQUIRED #</Process><Process ToolSource="d:\program files (x86)\arcgis\desktop10.0\ArcToolbox\Toolboxes\Data Management Tools.tbx\AddField" Date="20160826" Time="105245">AddField D:\cut_sim_june2016\Database_Connections\ASSET_@_DSA01AE.sde\ASSET.wwBoundaries\ASSET.wwDrainageArea TEMP2 TEXT # # 50 TEMP2 NULLABLE NON_REQUIRED #</Process><Process ToolSource="d:\program files (x86)\arcgis\desktop10.0\ArcToolbox\Toolboxes\Data Management Tools.tbx\AddField" Date="20160826" Time="105316">AddField D:\cut_sim_june2016\Database_Connections\ASSET_@_DSA01AE.sde\ASSET.wwBoundaries\ASSET.wwDrainageArea TEMP3 TEXT # # 50 TEMP3 NULLABLE NON_REQUIRED #</Process><Process ToolSource="d:\program files (x86)\arcgis\desktop10.0\ArcToolbox\Toolboxes\Data Management Tools.tbx\AddField" Date="20160826" Time="105348">AddField D:\cut_sim_june2016\Database_Connections\ASSET_@_DSA01AE.sde\ASSET.wwBoundaries\ASSET.wwDrainageArea TEMP4 TEXT # # 50 TEMP4 NULLABLE NON_REQUIRED #</Process><Process ToolSource="d:\program files (x86)\arcgis\desktop10.0\ArcToolbox\Toolboxes\Data Management Tools.tbx\Append" Date="20160826" Time="105458">Append D:\cut_sim_june2016\DrainageArea\UU_CO_EXT_wwDrainageArea090616\Supplied090616.gdb\wwDrainageArea D:\cut_sim_june2016\Database_Connections\ASSET_@_DSA01AE.sde\ASSET.wwBoundaries\ASSET.wwDrainageArea NO_TEST "SE_ANNO_CAD_DATA "SE_ANNO_CAD_DATA" true true false 0 Blob 0 0 ,First,#;GLOBALID "GLOBALID" false false true 38 GlobalID 0 0 ,First,#;CATCH_CODE "Catch_Code" true true false 5 Text 0 0 ,First,#,D:\cut_sim_june2016\DrainageArea\UU_CO_EXT_wwDrainageArea090616\Supplied090616.gdb\wwDrainageArea,Catch_Code,-1,-1;CATCH_NAME "Catch_Name" true true false 30 Text 0 0 ,First,#,D:\cut_sim_june2016\DrainageArea\UU_CO_EXT_wwDrainageArea090616\Supplied090616.gdb\wwDrainageArea,Catch_Name,-1,-1;SUBCA_CODE "Subca_Code" true true false 10 Text 0 0 ,First,#,D:\cut_sim_june2016\DrainageArea\UU_CO_EXT_wwDrainageArea090616\Supplied090616.gdb\wwDrainageArea,Subca_Code,-1,-1;SUBCA_NAME "Subca_Name" true true false 30 Text 0 0 ,First,#,D:\cut_sim_june2016\DrainageArea\UU_CO_EXT_wwDrainageArea090616\Supplied090616.gdb\wwDrainageArea,Subca_Name,-1,-1;DA_CODE "DA_Code" true true false 25 Text 0 0 ,First,#,D:\cut_sim_june2016\DrainageArea\UU_CO_EXT_wwDrainageArea090616\Supplied090616.gdb\wwDrainageArea,DA_Code,-1,-1;DA_NAME "DA_NAME" true true false 5 Text 0 0 ,First,#,D:\cut_sim_june2016\DrainageArea\UU_CO_EXT_wwDrainageArea090616\Supplied090616.gdb\wwDrainageArea,DA_Name,-1,-1;WWTW_CODE "WwTw_Code" true true false 5 Text 0 0 ,First,#,D:\cut_sim_june2016\DrainageArea\UU_CO_EXT_wwDrainageArea090616\Supplied090616.gdb\wwDrainageArea,WwTW_Code,-1,-1;WWTW_NAME "WwTw_Name" true true false 50 Text 0 0 ,First,#,D:\cut_sim_june2016\DrainageArea\UU_CO_EXT_wwDrainageArea090616\Supplied090616.gdb\wwDrainageArea,WwTW_Name,-1,-1;WWTW_CATCH "WwTw_Catch" true true false 30 Text 0 0 ,First,#,D:\cut_sim_june2016\DrainageArea\UU_CO_EXT_wwDrainageArea090616\Supplied090616.gdb\wwDrainageArea,WwTW_Catch,-1,-1;WWTW_X "WwTw_x" true true false 8 Double 8 38 ,First,#,D:\cut_sim_june2016\DrainageArea\UU_CO_EXT_wwDrainageArea090616\Supplied090616.gdb\wwDrainageArea,WwTW_x,-1,-1;WWTW_Y "WwTw_y" true true false 8 Double 8 38 ,First,#,D:\cut_sim_june2016\DrainageArea\UU_CO_EXT_wwDrainageArea090616\Supplied090616.gdb\wwDrainageArea,WwTW_y,-1,-1;COUNCILAREA "Council Area" true true false 20 Text 0 0 ,First,#,D:\cut_sim_june2016\DrainageArea\UU_CO_EXT_wwDrainageArea090616\Supplied090616.gdb\wwDrainageArea,COUNCILAREA,-1,-1;FEATURENUMBER "FeatureNumber" true true false 4 Long 0 10 ,First,#,D:\cut_sim_june2016\DrainageArea\UU_CO_EXT_wwDrainageArea090616\Supplied090616.gdb\wwDrainageArea,FEATURENUMBER,-1,-1;GRADE "Grade" true true false 2 Text 0 0 ,First,#,D:\cut_sim_june2016\DrainageArea\UU_CO_EXT_wwDrainageArea090616\Supplied090616.gdb\wwDrainageArea,GRADE,-1,-1;CREATIONUSER "Creation user" true true false 20 Text 0 0 ,First,#,D:\cut_sim_june2016\DrainageArea\UU_CO_EXT_wwDrainageArea090616\Supplied090616.gdb\wwDrainageArea,CREATIONUSER,-1,-1;DATECREATED "Date Created" true true false 36 Date 0 0 ,First,#,D:\cut_sim_june2016\DrainageArea\UU_CO_EXT_wwDrainageArea090616\Supplied090616.gdb\wwDrainageArea,DATECREATED,-1,-1;LASTUSER "Last User" true true false 20 Text 0 0 ,First,#,D:\cut_sim_june2016\DrainageArea\UU_CO_EXT_wwDrainageArea090616\Supplied090616.gdb\wwDrainageArea,LASTUSER,-1,-1;DATEMODIFIED "Date Modified" true true false 36 Date 0 0 ,First,#,D:\cut_sim_june2016\DrainageArea\UU_CO_EXT_wwDrainageArea090616\Supplied090616.gdb\wwDrainageArea,DATEMODIFIED,-1,-1;COMMENTS "Comments" true true false 120 Text 0 0 ,First,#,D:\cut_sim_june2016\DrainageArea\UU_CO_EXT_wwDrainageArea090616\Supplied090616.gdb\wwDrainageArea,COMMENTS,-1,-1;POPULATION "Population" true true false 8 Double 8 38 ,First,#,D:\cut_sim_june2016\DrainageArea\UU_CO_EXT_wwDrainageArea090616\Supplied090616.gdb\wwDrainageArea,Population,-1,-1;PROPERTIES "Properties" true true false 4 Long 0 10 ,First,#,D:\cut_sim_june2016\DrainageArea\UU_CO_EXT_wwDrainageArea090616\Supplied090616.gdb\wwDrainageArea,Properties,-1,-1;OLDDASNUMBER "Old DAS Number" true true false 20 Text 0 0 ,First,#,D:\cut_sim_june2016\DrainageArea\UU_CO_EXT_wwDrainageArea090616\Supplied090616.gdb\wwDrainageArea,OLDDASNUMBER,-1,-1;TEMP1 "TEMP1" true true false 50 Text 0 0 ,First,#,D:\cut_sim_june2016\DrainageArea\UU_CO_EXT_wwDrainageArea090616\Supplied090616.gdb\wwDrainageArea,TEMP1,-1,-1;TEMP2 "TEMP2" true true false 50 Text 0 0 ,First,#,D:\cut_sim_june2016\DrainageArea\UU_CO_EXT_wwDrainageArea090616\Supplied090616.gdb\wwDrainageArea,TEMP2,-1,-1;TEMP3 "TEMP3" true true false 50 Text 0 0 ,First,#,D:\cut_sim_june2016\DrainageArea\UU_CO_EXT_wwDrainageArea090616\Supplied090616.gdb\wwDrainageArea,TEMP3,-1,-1;TEMP4 "TEMP4" true true false 50 Text 0 0 ,First,#,D:\cut_sim_june2016\DrainageArea\UU_CO_EXT_wwDrainageArea090616\Supplied090616.gdb\wwDrainageArea,TEMP4,-1,-1;SHAPE.AREA "SHAPE.AREA" false false true 0 Double 0 0 ,First,#;SHAPE.LEN "SHAPE.LEN" false false true 0 Double 0 0 ,First,#" #</Process><Process ToolSource="c:\program files (x86)\arcgis\desktop10.2\ArcToolbox\Toolboxes\Data Management Tools.tbx\CalculateField" Date="20190109" Time="125408">CalculateField wwDrainageArea POPULATION 0 VB #</Process><Process ToolSource="c:\program files (x86)\arcgis\desktop10.2\ArcToolbox\Toolboxes\Data Management Tools.tbx\CalculateField" Date="20190109" Time="125436">CalculateField wwDrainageArea PROPERTIES 0 VB #</Process><Process ToolSource="c:\program files (x86)\arcgis\desktop10.2\ArcToolbox\Toolboxes\Data Management Tools.tbx\CalculateField" Date="20190109" Time="125452">CalculateField wwDrainageArea POPULATION 0 VB #</Process><Process ToolSource="c:\program files (x86)\arcgis\desktop10.2\ArcToolbox\Toolboxes\Data Management Tools.tbx\CalculateField" Date="20190109" Time="125505">CalculateField wwDrainageArea PROPERTIES 0 VB #</Process><Process ToolSource="c:\program files (x86)\arcgis\desktop10.2\ArcToolbox\Toolboxes\Data Management Tools.tbx\CalculateField" Date="20190115" Time="134019">CalculateField "Drainage Areas\Drainage Area LIVE" POPULATION 0 VB #</Process><Process ToolSource="c:\program files (x86)\arcgis\desktop10.2\ArcToolbox\Toolboxes\Data Management Tools.tbx\CalculateField" Date="20190115" Time="134045">CalculateField "Drainage Areas\Drainage Area LIVE" PROPERTIES 0 VB #</Process><Process ToolSource="c:\program files (x86)\arcgis\desktop10.2\ArcToolbox\Toolboxes\Data Management Tools.tbx\CalculateField" Date="20190115" Time="134118">CalculateField "Drainage Areas\Drainage Area LIVE" POPULATION 0 VB #</Process><Process ToolSource="c:\program files (x86)\arcgis\desktop10.2\ArcToolbox\Toolboxes\Data Management Tools.tbx\CalculateField" Date="20190115" Time="134138">CalculateField "Drainage Areas\Drainage Area LIVE" PROPERTIES 0 VB #</Process><Process ToolSource="c:\program files (x86)\arcgis\desktop10.2\ArcToolbox\Toolboxes\Data Management Tools.tbx\CalculateField" Date="20190116" Time="124117">CalculateField wwDrainageArea GRADE "X" VB #</Process><Process ToolSource="c:\program files (x86)\arcgis\desktop10.2\ArcToolbox\Toolboxes\Data Management Tools.tbx\CalculateField" Date="20190118" Time="152128">CalculateField "Drainage Areas\Drainage Area LIVE" GRADE "X" VB #</Process><Process ToolSource="c:\program files (x86)\arcgis\desktop10.2\ArcToolbox\Toolboxes\Data Management Tools.tbx\CalculateField" Date="20190125" Time="144836">CalculateField "Drainage Areas\Drainage Area LIVE" POPULATION 0 VB #</Process><Process ToolSource="c:\program files (x86)\arcgis\desktop10.2\ArcToolbox\Toolboxes\Data Management Tools.tbx\CalculateField" Date="20190125" Time="144855">CalculateField "Drainage Areas\Drainage Area LIVE" PROPERTIES 0 VB #</Process><Process ToolSource="c:\program files (x86)\arcgis\desktop10.2\ArcToolbox\Toolboxes\Data Management Tools.tbx\CalculateField" Date="20190125" Time="144926">CalculateField "Drainage Areas\Drainage Area LIVE" POPULATION 0 VB #</Process><Process ToolSource="c:\program files (x86)\arcgis\desktop10.2\ArcToolbox\Toolboxes\Data Management Tools.tbx\CalculateField" Date="20190125" Time="144945">CalculateField "Drainage Areas\Drainage Area LIVE" PROPERTIES 0 VB #</Process><Process ToolSource="c:\program files (x86)\arcgis\desktop10.2\ArcToolbox\Toolboxes\Data Management Tools.tbx\CalculateField" Date="20200228" Time="085736">CalculateField "Drainage Areas\Drainage Area" WWTW_CODE "PLUMN" VB #</Process><Process ToolSource="c:\program files (x86)\arcgis\desktop10.2\ArcToolbox\Toolboxes\Data Management Tools.tbx\CalculateField" Date="20200302" Time="165450">CalculateField "Waste Water Boundaries\Drainage Area" GRADE B VB #</Process><Process ToolSource="c:\program files (x86)\arcgis\desktop10.2\ArcToolbox\Toolboxes\Data Management Tools.tbx\CalculateField" Date="20200304" Time="145231">CalculateField "Drainage Areas\Drainage Area" GRADE "B" VB #</Process><Process ToolSource="c:\program files (x86)\arcgis\desktop10.2\ArcToolbox\Toolboxes\Data Management Tools.tbx\CalculateField" Date="20200515" Time="093552">CalculateField "Drainage Areas\Drainage Area" GRADE "B" VB #</Process><Process ToolSource="d:\program files (x86)\arcgis\desktop10.2\ArcToolbox\Toolboxes\Data Management Tools.tbx\AlterField" Date="20211022" Time="191852">AlterField D:\BatchProcess\DatabaseConnections\ASSET@CMG.sde\ASSET.wwBoundaries\ASSET.wwDrainageArea TEMP4 TYPE TYPE</Process></lineage><itemProps><itemLocation><linkage Sync="TRUE">Server=DSA06PPL; Service=sde:oracle11g:DSA06PPL; User=ASSET; Version=SDE.DEFAULT</linkage><protocol Sync="TRUE">ArcSDE Connection</protocol></itemLocation></itemProps></DataProperties><ModDate>20160304</ModDate><ModTime>12200900</ModTime><ArcGISProfile>ItemDescription</ArcGISProfile></Esri><dataIdInfo><idPurp>Shows which assets drain to which WwTW.</idPurp><idCitation><resTitle>Wastewater UU Drainage Areas</resTitle></idCitation><searchKeys><keyword>Drainage Area</keyword><keyword>Drainage boundary</keyword><keyword>wastewater boundary</keyword></searchKeys><idAbs>&lt;DIV STYLE="text-align:Left;"&gt;&lt;DIV&gt;&lt;DIV&gt;&lt;P&gt;&lt;SPAN&gt;Drainage Areas&lt;/SPAN&gt;&lt;/P&gt;&lt;/DIV&gt;&lt;/DIV&gt;&lt;/DIV&gt;</idAbs><idCredit>Data steward: Rachael Hickling</idCredit><resConst><Consts><useLimit>&lt;DIV STYLE="text-align:Left;"&gt;&lt;DIV&gt;&lt;DIV&gt;&lt;P&gt;&lt;SPAN&gt;._.&lt;/SPAN&gt;&lt;/P&gt;&lt;/DIV&gt;&lt;/DIV&gt;&lt;/DIV&gt;</useLimit></Consts></resConst></dataIdInfo></metadata>
