<?xml version="1.0" encoding="UTF-8"?>
<metadata xml:lang="en"><Esri><CreaDate>20220107</CreaDate><CreaTime>12084900</CreaTime><SyncOnce>FALSE</SyncOnce><DataProperties><lineage><Process Name="DeleteFeatures_2" ToolSource="C:\Program Files\ArcGIS\ArcToolbox\Toolboxes\Data Management Tools.tbx\DeleteFeatures" Date="20080616" Time="164607">DeleteFeatures "Database Connections\bnd@41.124.sde\BND.BoundariesWW\BND.wwbSDACFoul" "Database Connections\bnd@41.124.sde\BND.BoundariesWW\BND.wwbSDACFoul"</Process><Process Name="FeatureClassToFeatureClass_1" ToolSource="C:\Program Files\ArcGIS\ArcToolbox\Toolboxes\Conversion Tools.tbx\FeatureClassToFeatureClass" Date="20080714" Time="173407">FeatureClassToFeatureClass "Database Connections\bnd@41.124.sde\BND.BoundariesWW\BND.wwbSDACFoul" "Database Connections\bnd@41.122.sde\BND.BoundariesWW" wwbSDACFoul # "CREATIONUSER Creation User true true false 20 Text 0 0 ,First,#,Database Connections\bnd@41.124.sde\BND.BoundariesWW\BND.wwbSDACFoul,CREATIONUSER,-1,-1;DATECREATED Date Created true true false 36 Date 0 0 ,First,#,Database Connections\bnd@41.124.sde\BND.BoundariesWW\BND.wwbSDACFoul,DATECREATED,-1,-1;DATEMODIFIED Last Update Date true true false 36 Date 0 0 ,First,#,Database Connections\bnd@41.124.sde\BND.BoundariesWW\BND.wwbSDACFoul,DATEMODIFIED,-1,-1;LASTUSER Last Update Name true true false 20 Text 0 0 ,First,#,Database Connections\bnd@41.124.sde\BND.BoundariesWW\BND.wwbSDACFoul,LASTUSER,-1,-1;SHAPEAREA Shape Area true true false 8 Double 8 38 ,First,#,Database Connections\bnd@41.124.sde\BND.BoundariesWW\BND.wwbSDACFoul,SHAPEAREA,-1,-1;SDACFOULBNDNAME SDAC Foul Boundary Name true true false 40 Text 0 0 ,First,#,Database Connections\bnd@41.124.sde\BND.BoundariesWW\BND.wwbSDACFoul,SDACFOULBNDNAME,-1,-1;SDACFOULBNDAREACODE SDAC Foul Boundary Area Code true true false 10 Text 0 0 ,First,#,Database Connections\bnd@41.124.sde\BND.BoundariesWW\BND.wwbSDACFoul,SDACFOULBNDAREACODE,-1,-1;STWNAME STW Name true true false 40 Text 0 0 ,First,#,Database Connections\bnd@41.124.sde\BND.BoundariesWW\BND.wwbSDACFoul,STWNAME,-1,-1;STWCODE STW Code true true false 20 Text 0 0 ,First,#,Database Connections\bnd@41.124.sde\BND.BoundariesWW\BND.wwbSDACFoul,STWCODE,-1,-1;RECIEVINGSTW Recieving STW true true false 40 Text 0 0 ,First,#,Database Connections\bnd@41.124.sde\BND.BoundariesWW\BND.wwbSDACFoul,RECIEVINGSTW,-1,-1;SE_ANNO_CAD_DATA SE_ANNO_CAD_DATA true true false 0 Blob 0 0 ,First,#,Database Connections\bnd@41.124.sde\BND.BoundariesWW\BND.wwbSDACFoul,SE_ANNO_CAD_DATA,-1,-1" # "Database Connections\bnd@41.122.sde\BND.BoundariesWW\BND.wwbSDACFoul"</Process><Process ToolSource="D:\Program Files (x86)\ArcGIS\Desktop10.0\ArcToolbox\Toolboxes\Data Management Tools.tbx\AddField" Date="20121006" Time="065217">AddField "Database Connections\BND@10.179.41.122.sde\BND.wwbSDACFoul" DATEPOSTED DATE # # # # NULLABLE NON_REQUIRED #</Process><Process ToolSource="d:\program files (x86)\arcgis\desktop10.2\ArcToolbox\Toolboxes\Data Management Tools.tbx\AlterField" Date="20180728" Time="164412">AlterField D:\Kamal\IARM3_Export.gdb\BoundariesWW\wwbSDACFoul DATEPOSTED # DATEPOSTED_</Process><Process ToolSource="d:\program files (x86)\arcgis\desktop10.2\ArcToolbox\Toolboxes\Data Management Tools.tbx\AlterField" Date="20180728" Time="164412">AlterField D:\Kamal\IARM3_Export.gdb\BoundariesWW\wwbSDACFoul DATEPOSTED # "Date Posted"</Process></lineage><itemProps><itemName Sync="TRUE">wwbSDACFoul</itemName><imsContentType Sync="TRUE">002</imsContentType><itemLocation><linkage Sync="TRUE">Server=gdbup01; Service=sde:oracle$gdbup01/iarp1; User=bnd; Version=SDE.DEFAULT</linkage><protocol Sync="TRUE">ArcSDE Connection</protocol></itemLocation></itemProps><coordRef><type Sync="TRUE">Projected</type><geogcsn Sync="TRUE">GCS_OSGB_1936</geogcsn><csUnits Sync="TRUE">Linear Unit: Meter (1.000000)</csUnits><projcsn Sync="TRUE">British_National_Grid</projcsn><peXml Sync="TRUE">&lt;ProjectedCoordinateSystem xsi:type='typens:ProjectedCoordinateSystem' xmlns:xsi='http://www.w3.org/2001/XMLSchema-instance' xmlns:xs='http://www.w3.org/2001/XMLSchema' xmlns:typens='http://www.esri.com/schemas/ArcGIS/10.1'&gt;&lt;WKT&gt;PROJCS[&amp;quot;British_National_Grid&amp;quot;,GEOGCS[&amp;quot;GCS_OSGB_1936&amp;quot;,DATUM[&amp;quot;D_OSGB_1936&amp;quot;,SPHEROID[&amp;quot;Airy_1830&amp;quot;,6377563.396,299.3249646]],PRIMEM[&amp;quot;Greenwich&amp;quot;,0.0],UNIT[&amp;quot;Degree&amp;quot;,0.0174532925199433]],PROJECTION[&amp;quot;Transverse_Mercator&amp;quot;],PARAMETER[&amp;quot;false_easting&amp;quot;,400000.0],PARAMETER[&amp;quot;false_northing&amp;quot;,-100000.0],PARAMETER[&amp;quot;central_meridian&amp;quot;,-2.0],PARAMETER[&amp;quot;scale_factor&amp;quot;,0.9996012717],PARAMETER[&amp;quot;latitude_of_origin&amp;quot;,49.0],UNIT[&amp;quot;Meters&amp;quot;,1.0],AUTHORITY[&amp;quot;EPSG&amp;quot;,27700]]&lt;/WKT&gt;&lt;XOrigin&gt;-5220400&lt;/XOrigin&gt;&lt;YOrigin&gt;-15524400&lt;/YOrigin&gt;&lt;XYScale&gt;10000&lt;/XYScale&gt;&lt;ZOrigin&gt;-100000&lt;/ZOrigin&gt;&lt;ZScale&gt;10000&lt;/ZScale&gt;&lt;MOrigin&gt;-100000&lt;/MOrigin&gt;&lt;MScale&gt;10000&lt;/MScale&gt;&lt;XYTolerance&gt;0.001&lt;/XYTolerance&gt;&lt;ZTolerance&gt;0.001&lt;/ZTolerance&gt;&lt;MTolerance&gt;0.001&lt;/MTolerance&gt;&lt;HighPrecision&gt;true&lt;/HighPrecision&gt;&lt;WKID&gt;27700&lt;/WKID&gt;&lt;LatestWKID&gt;27700&lt;/LatestWKID&gt;&lt;/ProjectedCoordinateSystem&gt;</peXml></coordRef></DataProperties><SyncDate>20180728</SyncDate><SyncTime>12274900</SyncTime><ModDate>20180728</ModDate><ModTime>12274900</ModTime><ArcGISFormat>1.0</ArcGISFormat><ArcGISstyle>Item Description</ArcGISstyle></Esri><idinfo><native Sync="TRUE">Microsoft Windows 2000 Version 5.2 (Build 3790) Service Pack 2; ESRI ArcCatalog 9.2.5.1450</native><descript><langdata Sync="TRUE">en</langdata><abstract>REQUIRED: A brief narrative summary of the data set.</abstract><purpose>REQUIRED: A summary of the intentions with which the data set was developed.</purpose></descript><citation><citeinfo><origin>REQUIRED: The name of an organization or individual that developed the data set.</origin><pubdate>REQUIRED: The date when the data set is published or otherwise made available for release.</pubdate><title Sync="TRUE">BND.wwbSDACFoul</title><ftname Sync="TRUE">BND.wwbSDACFoul</ftname><geoform Sync="TRUE">vector digital data</geoform><onlink Sync="TRUE">Server=10.179.41.122; Service=5151; User=b3jones; Version=SDE.DEFAULT</onlink></citeinfo></citation><timeperd><current>REQUIRED: The basis on which the time period of content information is determined.</current><timeinfo><sngdate><caldate>REQUIRED: The year (and optionally month, or month and day) for which the data set corresponds to the ground.</caldate></sngdate></timeinfo></timeperd><status><progress>REQUIRED: The state of the data set.</progress><update>REQUIRED: The frequency with which changes and additions are made to the data set after the initial data set is completed.</update></status><spdom><bounding><westbc Sync="TRUE">-9.037741</westbc><eastbc Sync="TRUE">2.704174</eastbc><northbc Sync="TRUE">60.852692</northbc><southbc Sync="TRUE">49.820481</southbc></bounding><lboundng><leftbc Sync="TRUE">15930.000000</leftbc><rightbc Sync="TRUE">656089.000000</rightbc><bottombc Sync="TRUE">4903.000000</bottombc><topbc Sync="TRUE">1218807.000000</topbc></lboundng></spdom><keywords><theme><themekt>REQUIRED: Reference to a formally registered thesaurus or a similar authoritative source of theme keywords.</themekt><themekey>REQUIRED: Common-use word or phrase used to describe the subject of the data set.</themekey></theme></keywords><accconst>REQUIRED: Restrictions and legal prerequisites for accessing the data set.</accconst><useconst>REQUIRED: Restrictions and legal prerequisites for using the data set after access is granted.</useconst><natvform Sync="TRUE">SDE Feature Class</natvform></idinfo><dataIdInfo><envirDesc Sync="TRUE"> Version 6.2 (Build 9200) ; Esri ArcGIS 10.2.1.3595</envirDesc><dataLang><languageCode Sync="TRUE" value="eng"></languageCode><countryCode value="GBR" Sync="TRUE"></countryCode></dataLang><idCitation><resTitle Sync="TRUE">wwbSDACFoul</resTitle><presForm><PresFormCd Sync="TRUE" value="005"></PresFormCd></presForm></idCitation><spatRpType><SpatRepTypCd Sync="TRUE" value="001"></SpatRepTypCd></spatRpType><dataExt><geoEle><GeoBndBox esriExtentType="native"><westBL Sync="TRUE">15930</westBL><eastBL Sync="TRUE">656089</eastBL><northBL Sync="TRUE">1218807</northBL><southBL Sync="TRUE">4903</southBL><exTypeCode Sync="TRUE">1</exTypeCode></GeoBndBox></geoEle></dataExt><geoBox esriExtentType="decdegrees"><westBL Sync="TRUE">-9.037741</westBL><eastBL Sync="TRUE">2.704174</eastBL><northBL Sync="TRUE">60.852692</northBL><southBL Sync="TRUE">49.820481</southBL><exTypeCode Sync="TRUE">1</exTypeCode></geoBox></dataIdInfo><metainfo><langmeta Sync="TRUE">en</langmeta><metstdn Sync="TRUE">FGDC Content Standards for Digital Geospatial Metadata</metstdn><metstdv Sync="TRUE">FGDC-STD-001-1998</metstdv><mettc Sync="TRUE">local time</mettc><metc><cntinfo><cntorgp><cntper>REQUIRED: The person responsible for the metadata information.</cntper><cntorg>REQUIRED: The organization responsible for the metadata information.</cntorg></cntorgp><cntaddr><addrtype>REQUIRED: The mailing and/or physical address for the organization or individual.</addrtype><city>REQUIRED: The city of the address.</city><state>REQUIRED: The state or province of the address.</state><postal>REQUIRED: The ZIP or other postal code of the address.</postal></cntaddr><cntvoice>REQUIRED: The telephone number by which individuals can speak to the organization or individual.</cntvoice></cntinfo></metc><metd Sync="TRUE">20100909</metd></metainfo><mdLang><languageCode Sync="TRUE" value="eng"></languageCode><countryCode value="GBR" Sync="TRUE"></countryCode></mdLang><mdStanName Sync="TRUE">ISO 19115 Geographic Information - Metadata</mdStanName><mdStanVer Sync="TRUE">DIS_ESRI1.0</mdStanVer><mdChar><CharSetCd Sync="TRUE" value="004"></CharSetCd></mdChar><mdHrLv><ScopeCd Sync="TRUE" value="005"></ScopeCd></mdHrLv><mdHrLvName Sync="TRUE">dataset</mdHrLvName><distinfo><resdesc Sync="TRUE">Downloadable Data</resdesc></distinfo><distInfo><distributor><distorTran><onLineSrc><orDesc Sync="TRUE">002</orDesc><linkage Sync="TRUE">Server=10.179.41.122; Service=5151; User=b3jones; Version=SDE.DEFAULT</linkage><protocol Sync="TRUE">ArcSDE Connection</protocol></onLineSrc></distorTran><distorFormat><formatName Sync="TRUE">SDE Feature Class</formatName></distorFormat></distributor><distFormat><formatName Sync="TRUE">File Geodatabase Feature Class</formatName></distFormat></distInfo><spdoinfo><direct Sync="TRUE">Vector</direct><ptvctinf><esriterm Name="wwbSDACFoul"><efeatyp Sync="TRUE">Simple</efeatyp><efeageom code="4" Sync="TRUE"></efeageom><esritopo Sync="TRUE">FALSE</esritopo><efeacnt Sync="TRUE">0</efeacnt><spindex Sync="TRUE">TRUE</spindex><linrefer Sync="TRUE">FALSE</linrefer></esriterm></ptvctinf></spdoinfo><spref><horizsys><cordsysn><geogcsn Sync="TRUE">Ordnance Survey Great Brit</geogcsn><projcsn Sync="TRUE">British National Grid</projcsn></cordsysn><planar><planci><plance Sync="TRUE">coordinate pair</plance><plandu Sync="TRUE">meters</plandu><coordrep><absres Sync="TRUE">0.000000</absres><ordres Sync="TRUE">0.000000</ordres></coordrep></planci></planar><geodetic><horizdn Sync="TRUE">Ordnance Survey Great Brit</horizdn><ellips Sync="TRUE">Airy 1830</ellips><semiaxis Sync="TRUE">6377563.396000</semiaxis><denflat Sync="TRUE">299.324965</denflat></geodetic></horizsys><vertdef><altsys><altenc Sync="TRUE">Explicit elevation coordinate included with horizontal coordinates</altenc><altres Sync="TRUE">1.000000</altres></altsys></vertdef></spref><refSysInfo><RefSystem><refSysID><identCode Sync="TRUE" code="27700">British National Grid</identCode><idCodeSpace Sync="TRUE">EPSG</idCodeSpace><idVersion Sync="TRUE">8.2.6</idVersion></refSysID></RefSystem></refSysInfo><spatRepInfo><VectSpatRep><geometObjs Name="wwbSDACFoul"><geoObjTyp><GeoObjTypCd value="002" Sync="TRUE"></GeoObjTypCd></geoObjTyp><geoObjCnt Sync="TRUE">0</geoObjCnt></geometObjs><topLvl><TopoLevCd value="001" Sync="TRUE"></TopoLevCd></topLvl></VectSpatRep></spatRepInfo><eainfo><detailed Name="wwbSDACFoul"><enttyp><enttypl Sync="TRUE">wwbSDACFoul</enttypl><enttypt Sync="TRUE">Feature Class</enttypt><enttypc Sync="TRUE">0</enttypc></enttyp><attr><attrlabl Sync="TRUE">OBJECTID</attrlabl><attalias Sync="TRUE">OBJECTID</attalias><attrtype Sync="TRUE">OID</attrtype><attwidth Sync="TRUE">4</attwidth><atprecis Sync="TRUE">0</atprecis><attscale Sync="TRUE">0</attscale><attrdef Sync="TRUE">Internal feature number.</attrdef><attrdefs Sync="TRUE">ESRI</attrdefs><attrdomv><udom Sync="TRUE">Sequential unique whole numbers that are automatically generated.</udom></attrdomv></attr><attr><attrlabl Sync="TRUE">CREATIONUSER</attrlabl><attalias Sync="TRUE">Creation User</attalias><attrtype Sync="TRUE">String</attrtype><attwidth Sync="TRUE">20</attwidth><atprecis Sync="TRUE">0</atprecis><attscale Sync="TRUE">0</attscale></attr><attr><attrlabl Sync="TRUE">DATECREATED</attrlabl><attalias Sync="TRUE">Date Created</attalias><attrtype Sync="TRUE">Date</attrtype><attwidth Sync="TRUE">8</attwidth><atprecis Sync="TRUE">0</atprecis><attscale Sync="TRUE">0</attscale></attr><attr><attrlabl Sync="TRUE">DATEMODIFIED</attrlabl><attalias Sync="TRUE">Last Update Date</attalias><attrtype Sync="TRUE">Date</attrtype><attwidth Sync="TRUE">8</attwidth><atprecis Sync="TRUE">0</atprecis><attscale Sync="TRUE">0</attscale></attr><attr><attrlabl Sync="TRUE">LASTUSER</attrlabl><attalias Sync="TRUE">Last Update Name</attalias><attrtype Sync="TRUE">String</attrtype><attwidth Sync="TRUE">20</attwidth><atprecis Sync="TRUE">0</atprecis><attscale Sync="TRUE">0</attscale></attr><attr><attrlabl Sync="TRUE">SHAPEAREA</attrlabl><attalias Sync="TRUE">Shape Area</attalias><attrtype Sync="TRUE">Double</attrtype><attwidth Sync="TRUE">8</attwidth><atprecis Sync="TRUE">0</atprecis><attscale Sync="TRUE">0</attscale></attr><attr><attrlabl Sync="TRUE">SDACFOULBNDNAME</attrlabl><attalias Sync="TRUE">SDAC Foul Boundary Name</attalias><attrtype Sync="TRUE">String</attrtype><attwidth Sync="TRUE">40</attwidth><atprecis Sync="TRUE">0</atprecis><attscale Sync="TRUE">0</attscale></attr><attr><attrlabl Sync="TRUE">SDACFOULBNDAREACODE</attrlabl><attalias Sync="TRUE">SDAC Foul Boundary Area Code</attalias><attrtype Sync="TRUE">String</attrtype><attwidth Sync="TRUE">10</attwidth><atprecis Sync="TRUE">0</atprecis><attscale Sync="TRUE">0</attscale></attr><attr><attrlabl Sync="TRUE">STWNAME</attrlabl><attalias Sync="TRUE">STW Name</attalias><attrtype Sync="TRUE">String</attrtype><attwidth Sync="TRUE">40</attwidth><atprecis Sync="TRUE">0</atprecis><attscale Sync="TRUE">0</attscale></attr><attr><attrlabl Sync="TRUE">STWCODE</attrlabl><attalias Sync="TRUE">STW Code</attalias><attrtype Sync="TRUE">String</attrtype><attwidth Sync="TRUE">20</attwidth><atprecis Sync="TRUE">0</atprecis><attscale Sync="TRUE">0</attscale></attr><attr><attrlabl Sync="TRUE">RECIEVINGSTW</attrlabl><attalias Sync="TRUE">Recieving STW</attalias><attrtype Sync="TRUE">String</attrtype><attwidth Sync="TRUE">40</attwidth><atprecis Sync="TRUE">0</atprecis><attscale Sync="TRUE">0</attscale></attr><attr><attrlabl Sync="TRUE">SE_ANNO_CAD_DATA</attrlabl><attalias Sync="TRUE">SE_ANNO_CAD_DATA</attalias><attrtype Sync="TRUE">Blob</attrtype><attwidth Sync="TRUE">0</attwidth><atprecis Sync="TRUE">0</atprecis><attscale Sync="TRUE">0</attscale></attr><attr><attrlabl Sync="TRUE">SHAPE</attrlabl><attalias Sync="TRUE">Shape</attalias><attrtype Sync="TRUE">Geometry</attrtype><attwidth Sync="TRUE">0</attwidth><atprecis Sync="TRUE">0</atprecis><attscale Sync="TRUE">0</attscale><attrdef Sync="TRUE">Feature geometry.</attrdef><attrdefs Sync="TRUE">ESRI</attrdefs><attrdomv><udom Sync="TRUE">Coordinates defining the features.</udom></attrdomv></attr><attr><attrlabl Sync="TRUE">DATEPOSTED</attrlabl><attalias Sync="TRUE">DATEPOSTED</attalias><attrtype Sync="TRUE">Date</attrtype><attwidth Sync="TRUE">8</attwidth><atprecis Sync="TRUE">0</atprecis><attscale Sync="TRUE">0</attscale></attr><attr><attrlabl Sync="TRUE">SHAPE_Length</attrlabl><attalias Sync="TRUE">SHAPE_Length</attalias><attrtype Sync="TRUE">Double</attrtype><attwidth Sync="TRUE">8</attwidth><atprecis Sync="TRUE">0</atprecis><attscale Sync="TRUE">0</attscale><attrdef Sync="TRUE">Length of feature in internal units.</attrdef><attrdefs Sync="TRUE">Esri</attrdefs><attrdomv><udom Sync="TRUE">Positive real numbers that are automatically generated.</udom></attrdomv></attr><attr><attrlabl Sync="TRUE">SHAPE_Area</attrlabl><attalias Sync="TRUE">SHAPE_Area</attalias><attrtype Sync="TRUE">Double</attrtype><attwidth Sync="TRUE">8</attwidth><atprecis Sync="TRUE">0</atprecis><attscale Sync="TRUE">0</attscale><attrdef Sync="TRUE">Area of feature in internal units squared.</attrdef><attrdefs Sync="TRUE">Esri</attrdefs><attrdomv><udom Sync="TRUE">Positive real numbers that are automatically generated.</udom></attrdomv></attr></detailed></eainfo><mdDateSt Sync="TRUE">20180728</mdDateSt><GEMINI_Metadata><IdentificationInfo><spatialRepresentationType codeList="001"></spatialRepresentationType><extent><geographicElement><westBoundLongitude>-9.037741</westBoundLongitude><eastBoundLongitude>2.704174</eastBoundLongitude><northBoundLatitude>60.852692</northBoundLatitude><southBoundLatitude>49.820481</southBoundLatitude></geographicElement></extent></IdentificationInfo><dateStamp>20100909</dateStamp><metadataStandardName>UK GEMINI Standard</metadataStandardName><metadataStandardVersion>1.0</metadataStandardVersion></GEMINI_Metadata></metadata>
